-- Вставка 5 Исследователей в таблицу Users
INSERT INTO Users (Full_name, Login, Password, Role, Date_of_birth, ResearcherId) VALUES
('Петров Петр Петрович', 'petrov', 'hashed_password', 'Исследователь', '1980-05-15', NULL),
('Смирнова Анна Ивановна', 'smirnova', 'hashed_password', 'Исследователь', '1975-08-22', NULL),
('Иванов Сергей Михайлович', 'ivanov_s', 'hashed_password', 'Исследователь', '1982-03-10', NULL),
('Козлова Мария Александровна', 'kozlova', 'hashed_password', 'Исследователь', '1978-11-30', NULL),
('Соколов Дмитрий Павлович', 'sokolov', 'hashed_password', 'Исследователь', '1985-07-19', NULL);

-- Вставка данных Исследователей в таблицу Researcher_Details
INSERT INTO Researcher_Details (UserId, Number_of_patients) VALUES
(1, 9),  -- Петров
(2, 9),  -- Смирнова
(3, 9),  -- Иванов
(4, 9),  -- Козлова
(5, 9);  -- Соколов

-- Вставка 45 Исследуемых в таблицу Users, распределенных между Исследователями
-- Исследователь 1 (Петров, Id=1): 9 Исследуемых (Id 6-14)
INSERT INTO Users (Full_name, Login, Password, Role, Date_of_birth, ResearcherId) VALUES
('Иванов Иван Иванович', 'ivanov_i', 'hashed_password', 'Исследуемый', '1990-01-01', 1),
('Сидоров Сидор Сидорович', 'sidorov_s', 'hashed_password', 'Исследуемый', '1995-03-10', 1),
('Кузнецова Ольга Петровна', 'kuznetsova', 'hashed_password', 'Исследуемый', '1992-06-15', 1),
('Морозов Алексей Викторович', 'morozov', 'hashed_password', 'Исследуемый', '1988-09-20', 1),
('Новикова Екатерина Сергеевна', 'novikova', 'hashed_password', 'Исследуемый', '1993-12-05', 1),
('Попов Андрей Николаевич', 'popov', 'hashed_password', 'Исследуемый', '1991-02-14', 1),
('Васильева Юлия Михайловна', 'vasilieva', 'hashed_password', 'Исследуемый', '1994-07-25', 1),
('Григорьев Павел Дмитриевич', 'grigoriev', 'hashed_password', 'Исследуемый', '1989-04-30', 1),
('Федорова Анна Викторовна', 'fedorova', 'hashed_password', 'Исследуемый', '1996-10-10', 1);

-- Исследователь 2 (Смирнова, Id=2): 9 Исследуемых (Id 15-23)
INSERT INTO Users (Full_name, Login, Password, Role, Date_of_birth, ResearcherId) VALUES
('Соловьева Марина Ивановна', 'solovieva', 'hashed_password', 'Исследуемый', '1990-11-11', 2),
('Ковалев Артем Сергеевич', 'kovalev', 'hashed_password', 'Исследуемый', '1987-05-22', 2),
('Зайцева Елена Александровна', 'zaitseva', 'hashed_password', 'Исследуемый', '1993-08-08', 2),
('Михайлов Игорь Петрович', 'mikhailov', 'hashed_password', 'Исследуемый', '1991-09-09', 2),
('Лебедева Светлана Олеговна', 'lebedeva', 'hashed_password', 'Исследуемый', '1995-12-12', 2),
('Громов Станислав Викторович', 'gromov', 'hashed_password', 'Исследуемый', '1989-03-03', 2),
('Егорова Дарья Андреевна', 'egorova', 'hashed_password', 'Исследуемый', '1992-04-04', 2),
('Романов Максим Евгеньевич', 'romanov', 'hashed_password', 'Исследуемый', '1990-06-06', 2),
('Беляева Наталья Сергеевна', 'belyaeva', 'hashed_password', 'Исследуемый', '1994-07-07', 2);

-- Исследователь 3 (Иванов, Id=3): 9 Исследуемых (Id 24-32)
INSERT INTO Users (Full_name, Login, Password, Role, Date_of_birth, ResearcherId) VALUES
('Павлов Виктор Андреевич', 'pavlov', 'hashed_password', 'Исследуемый', '1988-02-02', 3),
('Савельева Ксения Михайловна', 'savelieva', 'hashed_password', 'Исследуемый', '1993-05-05', 3),
('Титов Арсений Игоревич', 'titov', 'hashed_password', 'Исследуемый', '1991-08-08', 3),
('Фомина Алина Сергеевна', 'fomina', 'hashed_password', 'Исследуемый', '1995-09-09', 3),
('Крылов Денис Викторович', 'krylov', 'hashed_password', 'Исследуемый', '1990-10-10', 3),
('Щербакова Полина Олеговна', 'scherbakova', 'hashed_password', 'Исследуемый', '1992-11-11', 3),
('Борисов Олег Дмитриевич', 'borisov', 'hashed_password', 'Исследуемый', '1989-12-12', 3),
('Матвеева Вероника Андреевна', 'matveeva', 'hashed_password', 'Исследуемый', '1994-01-01', 3),
('Козлов Артем Павлович', 'kozlov_a', 'hashed_password', 'Исследуемый', '1991-03-03', 3);

-- Исследователь 4 (Козлова, Id=4): 9 Исследуемых (Id 33-41)
INSERT INTO Users (Full_name, Login, Password, Role, Date_of_birth, ResearcherId) VALUES
('Семенов Евгений Сергеевич', 'semenov', 'hashed_password', 'Исследуемый', '1990-04-04', 4),
('Голубева Анастасия Викторовна', 'golubeva', 'hashed_password', 'Исследуемый', '1993-05-05', 4),
('Тимофеев Илья Михайлович', 'timofeev', 'hashed_password', 'Исследуемый', '1988-06-06', 4),
('Степанова Дарья Сергеевна', 'stepanova', 'hashed_password', 'Исследуемый', '1995-07-07', 4),
('Захаров Никита Олегович', 'zakharov', 'hashed_password', 'Исследуемый', '1991-08-08', 4),
('Калинина Мария Андреевна', 'kalinina', 'hashed_password', 'Исследуемый', '1994-09-09', 4),
('Лазарев Артем Викторович', 'lazarev', 'hashed_password', 'Исследуемый', '1990-10-10', 4),
('Ермакова София Павловна', 'ermakova', 'hashed_password', 'Исследуемый', '1992-11-11', 4),
('Воробьев Даниил Сергеевич', 'vorobiev', 'hashed_password', 'Исследуемый', '1989-12-12', 4);

-- Исследователь 5 (Соколов, Id=5): 9 Исследуемых (Id 42-50)
INSERT INTO Users (Full_name, Login, Password, Role, Date_of_birth, ResearcherId) VALUES
('Алексеева Екатерина Олеговна', 'alekseeva', 'hashed_password', 'Исследуемый', '1991-01-01', 5),
('Гусев Роман Викторович', 'gusev', 'hashed_password', 'Исследуемый', '1994-02-02', 5),
('Шарова Алина Андреевна', 'sharova', 'hashed_password', 'Исследуемый', '1990-03-03', 5),
('Фролов Сергей Михайлович', 'frolov', 'hashed_password', 'Исследуемый', '1995-04-04', 5),
('Кудрявцева Юлия Сергеевна', 'kudryavtseva', 'hashed_password', 'Исследуемый', '1992-05-05', 5),
('Бобров Артем Павлович', 'bobrov', 'hashed_password', 'Исследуемый', '1988-06-06', 5),
('Сорокина Валерия Олеговна', 'sorokina', 'hashed_password', 'Исследуемый', '1993-07-07', 5),
('Тихонов Максим Викторович', 'tikhonov', 'hashed_password', 'Исследуемый', '1991-08-08', 5),
('Рыжова Анна Андреевна', 'ryzhova', 'hashed_password', 'Исследуемый', '1994-09-09', 5);

-- Вставка данных Исследуемых в таблицу Investigated_Details
-- Для каждого Исследуемого (Id 6-50) добавляем запись
INSERT INTO Investigated_Details (UserId, Occupation, TasksPerSecondWithMusic, TasksPerSecondWithoutMusic) VALUES
(6, 'Программист', 1.5, 1.2), (7, 'Дизайнер', 1.3, 1.0), (8, 'Учитель', 1.4, 1.1),
(9, 'Инженер', 1.6, 1.3), (10, 'Менеджер', 1.2, 0.9), (11, 'Студент', 1.5, 1.2),
(12, 'Фрилансер', 1.3, 1.0), (13, 'Аналитик', 1.4, 1.1), (14, 'Тестировщик', 1.5, 1.2),
(15, 'Программист', 1.6, 1.3), (16, 'Дизайнер', 1.4, 1.1), (17, 'Учитель', 1.3, 1.0),
(18, 'Инженер', 1.5, 1.2), (19, 'Менеджер', 1.2, 0.9), (20, 'Студент', 1.6, 1.3),
(21, 'Фрилансер', 1.4, 1.1), (22, 'Аналитик', 1.3, 1.0), (23, 'Тестировщик', 1.5, 1.2),
(24, 'Программист', 1.4, 1.1), (25, 'Дизайнер', 1.3, 1.0), (26, 'Учитель', 1.5, 1.2),
(27, 'Инженер', 1.6, 1.3), (28, 'Менеджер', 1.2, 0.9), (29, 'Студент', 1.4, 1.1),
(30, 'Фрилансер', 1.3, 1.0), (31, 'Аналитик', 1.5, 1.2), (32, 'Тестировщик', 1.6, 1.3),
(33, 'Программист', 1.3, 1.0), (34, 'Дизайнер', 1.5, 1.2), (35, 'Учитель', 1.4, 1.1),
(36, 'Инженер', 1.2, 0.9), (37, 'Менеджер', 1.6, 1.3), (38, 'Студент', 1.3, 1.0),
(39, 'Фрилансер', 1.5, 1.2), (40, 'Аналитик', 1.4, 1.1), (41, 'Тестировщик', 1.2, 0.9),
(42, 'Программист', 1.5, 1.2), (43, 'Дизайнер', 1.3, 1.0), (44, 'Учитель', 1.4, 1.1),
(45, 'Инженер', 1.6, 1.3), (46, 'Менеджер', 1.2, 0.9), (47, 'Студент', 1.5, 1.2),
(48, 'Фрилансер', 1.3, 1.0), (49, 'Аналитик', 1.4, 1.1), (50, 'Тестировщик', 1.5, 1.2);