-- Пароли теперь хранятся в виде текста
INSERT INTO Users (Full_name, Login, Password, Role, Date_of_birth, ResearcherId) VALUES
('Петров Петр Петрович', 'petrov', 'password123', 'Исследователь', '1980-05-15', NULL),
('Смирнова Анна Ивановна', 'smirnova', 'password123', 'Исследователь', '1975-08-22', NULL),
('Иванов Сергей Михайлович', 'ivanov_s', 'password123', 'Исследователь', '1982-03-10', NULL),
('Козлова Мария Александровна', 'kozlova', 'password123', 'Исследователь', '1978-11-30', NULL),
('Соколов Дмитрий Павлович', 'sokolov', 'password123', 'Исследователь', '1985-07-19', NULL);

INSERT INTO Researcher_Details (UserId, Number_of_patients) VALUES
(1, 9), (2, 9), (3, 9), (4, 9), (5, 9);

INSERT INTO Users (Full_name, Login, Password, Role, Date_of_birth, ResearcherId) VALUES
('Иванов Иван Иванович', 'ivanov_i', 'password123', 'Исследуемый', '1990-01-01', 1),
('Сидоров Сидор Сидорович', 'sidorov_s', 'password123', 'Исследуемый', '1995-03-10', 1),
('Кузнецова Ольга Петровна', 'kuznetsova', 'password123', 'Исследуемый', '1992-06-15', 1),
('Морозов Алексей Викторович', 'morozov', 'password123', 'Исследуемый', '1988-09-20', 1),
('Новикова Екатерина Сергеевна', 'novikova', 'password123', 'Исследуемый', '1993-12-05', 1),
('Попов Андрей Николаевич', 'popov', 'password123', 'Исследуемый', '1991-02-14', 1),
('Васильева Юлия Михайловна', 'vasilieva', 'password123', 'Исследуемый', '1994-07-25', 1),
('Григорьев Павел Дмитриевич', 'grigoriev', 'password123', 'Исследуемый', '1989-04-30', 1),
('Федорова Анна Викторовна', 'fedorova', 'password123', 'Исследуемый', '1996-10-10', 1),
('Соловьева Марина Ивановна', 'solovieva', 'password123', 'Исследуемый', '1990-11-11', 2),
('Ковалев Артем Сергеевич', 'kovalev', 'password123', 'Исследуемый', '1987-05-22', 2),
('Зайцева Елена Александровна', 'zaitseva', 'password123', 'Исследуемый', '1993-08-08', 2),
('Михайлов Игорь Петрович', 'mikhailov', 'password123', 'Исследуемый', '1991-09-09', 2),
('Лебедева Светлана Олеговна', 'lebedeva', 'password123', 'Исследуемый', '1995-12-12', 2),
('Громов Станислав Викторович', 'gromov', 'password123', 'Исследуемый', '1989-03-03', 2),
('Егорова Дарья Андреевна', 'egorova', 'password123', 'Исследуемый', '1992-04-04', 2),
('Романов Максим Евгеньевич', 'romanov', 'password123', 'Исследуемый', '1990-06-06', 2),
('Беляева Наталья Сергеевна', 'belyaeva', 'password123', 'Исследуемый', '1994-07-07', 2),
('Павлов Виктор Андреевич', 'pavlov', 'password123', 'Исследуемый', '1988-02-02', 3),
('Савельева Ксения Михайловна', 'savelieva', 'password123', 'Исследуемый', '1993-05-05', 3),
('Титов Арсений Игоревич', 'titov', 'password123', 'Исследуемый', '1991-08-08', 3),
('Фомина Алина Сергеевна', 'fomina', 'password123', 'Исследуемый', '1995-09-09', 3),
('Крылов Денис Викторович', 'krylov', 'password123', 'Исследуемый', '1990-10-10', 3),
('Щербакова Полина Олеговна', 'scherbakova', 'password123', 'Исследуемый', '1992-11-11', 3),
('Борисов Олег Дмитриевич', 'borisov', 'password123', 'Исследуемый', '1989-12-12', 3),
('Матвеева Вероника Андреевна', 'matveeva', 'password123', 'Исследуемый', '1994-01-01', 3),
('Козлов Артем Павлович', 'kozlov_a', 'password123', 'Исследуемый', '1991-03-03', 3),
('Семенов Евгений Сергеевич', 'semenov', 'password123', 'Исследуемый', '1990-04-04', 4),
('Голубева Анастасия Викторовна', 'golubeva', 'password123', 'Исследуемый', '1993-05-05', 4),
('Тимофеев Илья Михайлович', 'timofeev', 'password123', 'Исследуемый', '1988-06-06', 4),
('Степанова Дарья Сергеевна', 'stepanova', 'password123', 'Исследуемый', '1995-07-07', 4),
('Захаров Никита Олегович', 'zakharov', 'password123', 'Исследуемый', '1991-08-08', 4),
('Калинина Мария Андреевна', 'kalinina', 'password123', 'Исследуемый', '1994-09-09', 4),
('Лазарев Артем Викторович', 'lazarev', 'password123', 'Исследуемый', '1990-10-10', 4),
('Ермакова София Павловна', 'ermakova', 'password123', 'Исследуемый', '1992-11-11', 4),
('Воробьев Даниил Сергеевич', 'vorobiev', 'password123', 'Исследуемый', '1989-12-12', 4),
('Алексеева Екатерина Олеговна', 'alekseeva', 'password123', 'Исследуемый', '1991-01-01', 5),
('Гусев Роман Викторович', 'gusev', 'password123', 'Исследуемый', '1994-02-02', 5),
('Шарова Алина Андреевна', 'sharova', 'password123', 'Исследуемый', '1990-03-03', 5),
('Фролов Сергей Михайлович', 'frolov', 'password123', 'Исследуемый', '1995-04-04', 5),
('Кудрявцева Юлия Сергеевна', 'kudryavtseva', 'password123', 'Исследуемый', '1992-05-05', 5),
('Бобров Артем Павлович', 'bobrov', 'password123', 'Исследуемый', '1988-06-06', 5),
('Сорокина Валерия Олеговна', 'sorokina', 'password123', 'Исследуемый', '1993-07-07', 5),
('Тихонов Максим Викторович', 'tikhonov', 'password123', 'Исследуемый', '1991-08-08', 5),
('Рыжова Анна Андреевна', 'ryzhova', 'password123', 'Исследуемый', '1994-09-09', 5);

INSERT INTO Investigated_Details (UserId, Occupation, TasksPerSecondWithMusic, TasksPerSecondWithoutMusic) VALUES
(6, 'Программист', 1.5, 1.2), (7, 'Дизайнер', 1.3, 1.0), (8, 'Учитель', 1.4, 1.1),
(9, 'Инженер', 1.6, 1.3), (10, 'Менеджер', 1.2, 0.9), (11, 'Студент', 1.5, 1.2),
(12, 'Фрилансер', 1.3, 1.0), (13, 'Аналитик', 1.4, 1.1), (14, 'Тестировщик', 1.5, 1.2),
(15, 'Программист', 1.6, 1.3), (16, 'Дизайнер', 1.4, 1.1), (17, 'Учитель', 1.3, 1.0),
(18, 'Инженер', 1.5, 1.2), (19, 'Менеджер', 1.2, 0.9), (20, 'Студент', 1.6, 1.3),
(21, 'Фрилансер', 1.4, 1.1), (22, 'Аналитик', 1.3, 1.0), (23, 'Тестировщик', 1.5, 1.2),
(24, 'Программист', 1.4, 1.1), (25, 'Дизайнер', 1.3, 1.0), (26, 'Учитель', 1.5, 1.2),
(27, 'Инженер', 1.6, 1.3), (28, 'Менеджер', 1.2, 0.9), (29, 'Студент', 1.4, 1.1),
(30, 'Фрилансер', 1.3, 1.0), (31, 'Аналитик', 1.5, 1.2), (32, 'Тестировщик', 1.6, 1.3),
(33, 'Программист', 1.3, 1.0), (34, 'Дизайнер', 1.5, 1.2), (35, 'Учитель', 1.4, 1.1),
(36, 'Инженер', 1.2, 0.9), (37, 'Менеджер', 1.6, 1.3), (38, 'Студент', 1.3, 1.0),
(39, 'Фрилансер', 1.5, 1.2), (40, 'Аналитик', 1.4, 1.1), (41, 'Тестировщик', 1.2, 0.9),
(42, 'Программист', 1.5, 1.2), (43, 'Дизайнер', 1.3, 1.0), (44, 'Учитель', 1.4, 1.1),
(45, 'Инженер', 1.6, 1.3), (46, 'Менеджер', 1.2, 0.9), (47, 'Студент', 1.5, 1.2),
(48, 'Фрилансер', 1.3, 1.0), (49, 'Аналитик', 1.4, 1.1), (50, 'Тестировщик', 1.5, 1.2);